Year,State,Fires (Wildland),Acres (Wildland),Fires (Rx),Acres (Rx),Fires (WFU),Acres (WFU),Fires (Human),Acres (Human),Fires (Lightning),Acres (Lightning),Fires (Total),Acres (Total)
2002,Alabama,3080,41197,23050,982482,0,0,,,,,,
2002,Alaska,543,2176665,0,0,0,0,,,,,,
2002,Arizona,"3,041","700,101","1,195","95,357",1,12,,,,,,
2002,Arkansas,"1,380","15,334",219,"136,039",0,0,,,,,,
2002,California,"8,328","506,696",667,"88,362",281,"4,138",,,,,,
2002,Colorado,"3,067","926,502",73,"10,739",18,"23,212",,,,,,
2002,Connecticut,131,"1,843",13,106,0,0,,,,,,
2002,Delaware,30,"1,659",0,0,0,0,,,,,,
2002,Florida,"2,512","50,328",341,"293,201",8,406,,,,,,
2002,Georgia,"7,185","160,041",50,"43,800",0,0,,,,,,
2002,Hawaii,1,"3,660",0,0,0,0,,,,,,
2002,Idaho,"1,486","84,964",445,"46,273",35,"7,688",,,,,,
2002,Illinois,31,96,20,683,0,0,,,,,,
2002,Indiana,581,"1,691",62,"15,544",0,0,,,,,,
2002,Iowa,5,"1,045",17,"2,617",0,0,,,,,,
2002,Kansas,25,"2,672",50,"5,365",0,0,,,,,,
2002,Kentucky,"1,074","26,342",18,"6,990",0,0,,,,,,
2002,Louisiana,"1,139","25,942",176,"144,599",0,0,,,,,,
2002,Maine,662,784,37,244,0,0,,,,,,
2002,Maryland,726,4825,24,905,0,0,,,,,,
2002,Massachusetts,"3,018","2,611",2,2,0,0,,,,,,
2002,Michigan,277,966,27,1753,0,0,,,,,,
2002,Minnesota,2018,62947,605,106326,0,0,,,,,,
2002,Mississippi,1007,16651,208,195924,0,0,,,,,,
2002,Missouri,120,4186,65,14010,0,0,,,,,,
2002,Montana,1415,111821,373,24064,26,1190,,,,,,
2002,Nebraska,45,427,51,8434,0,0,,,,,,
2002,Nevada,777,77927,64,16033,12,8528,,,,,,
2002,New Hampshire,424,168,15,152,0,0,,,,,,
2002,New Jersey,1760,6053,119,7286,0,0,,,,,,
2002,New Mexico,2097,419533,98,32797,10,10940,,,,,,
2002,New York,336,2044,21,367,0,0,,,,,,
2002,North Carolina,5611,34967,92,38869,0,0,,,,,,
2002,North Dakota,811,58686,166,25961,0,0,,,,,,
2002,Ohio,578,3969,6,259,0,0,,,,,,
2002,Oklahoma,1305,36727,36,4471,0,0,,,,,,
2002,Oregon,2648,1010952,513,98559,2,1,,,,,,
2002,Pennsylvania,531,1965,3,248,0,0,,,,,,
2002,Rhode Island,128,213,0,0,0,0,,,,,,
2002,South Carolina,3570,30945,131,51895,0,0,,,,,,
2002,South Dakota,639,30679,55,10097,0,0,,,,,,
2002,Tennessee,1469,14993,16,8468,0,0,,,,,,
2002,Texas,1183,35044,114,86412,0,0,,,,,,
2002,Utah,1243,237427,71,34792,2,345,,,,,,
2002,Vermont,128,214,6,175,0,0,,,,,,
2002,Virginia,1729,23344,152,10942,0,0,,,,,,
2002,Washington,1285,92742,253,17155,4,11,,,,,,
2002,West Virginia,815,8681,3,90,0,0,,,,,,
2002,Wisconsin,962,2273,23,4966,0,0,,,,,,
2002,Wyoming,524,124823,43,10993,9,5792,,,,,,
2003,Alabama,1249,12260,15953,767732,0,0,,,,,,
2003,Alaska,451,559332,6,1555,1,42800,,,,,,
2003,Arizona,2868,193475,446,119285,18,4209,,,,,,
2003,Arkansas,1751,25446,275,198568,0,0,,,,,,
2003,California,"9,116","793,402",738,"67,782",126,"41,069",,,,,,
2003,Colorado,"2,027","27,655",122,"22,238",31,"3,519",,,,,,
2003,Connecticut,97,138,8,96,0,0,,,,,,
2003,Delaware,4,22,1,20,0,0,,,,,,
2003,Florida,"2,118","34,366",437,"412,479",10,"2,715",,,,,,
2003,Georgia,"3,392","9,794",99,"80,013",0,0,,,,,,
2003,Hawaii,2,"6,465",2,245,0,0,,,,,,
2003,Idaho,"1,845","312,932",535,"50,057",64,"26,719",,,,,,
2003,Illinois,16,"1,346",22,952,0,0,,,,,,
2003,Indiana,630,"4,344",25,"8,743",0,0,,,,,,
2003,Iowa,34,"3,417",6,457,0,0,,,,,,
2003,Kansas,"3,205","52,864",91,"22,262",0,0,,,,,,
2003,Kentucky,956,"20,931",53,"7,033",0,0,,,,,,
2003,Louisiana,773,"18,147",201,"142,538",0,0,,,,,,
2003,Maine,625,870,20,155,0,0,,,,,,
2003,Maryland,126,"1,140",22,661,0,0,,,,,,
2003,Massachusetts,"1,749","1,530",24,631,0,0,,,,,,
2003,Michigan,719,"7,002",170,"8,411",0,0,,,,,,
2003,Minnesota,"3,376","144,420",549,"128,795",0,0,,,,,,
2003,Mississippi,257,"4,803",288,"246,322",0,0,,,,,,
2003,Missouri,"2,537","49,855",6,"2,659",0,0,,,,,,
2003,Montana,"2,326","735,619",318,"26,743",41,"42,051",,,,,,
2003,Nebraska,320,"3,667",30,"3,844",0,0,,,,,,
2003,Nevada,797,"17,582",13,"5,744",6,2,,,,,,
2003,New Hampshire,320,99,21,138,0,0,,,,,,
2003,New Jersey,729,"1,460",51,"6,395",0,0,,,,,,
2003,New Mexico,"1,591","82,528",107,"56,775",11,"158,954",,,,,,
2003,New York,115,704,9,152,0,0,,,,,,
2003,North Carolina,"1,930","8,636",111,"42,803",0,0,,,,,,
2003,North Dakota,743,"40,498",124,"20,313",0,0,,,,,,
2003,Ohio,516,"3,889",53,"4,779",0,0,,,,,,
2003,Oklahoma,"1,950","97,500",36,"5,094",0,0,,,,,,
2003,Oregon,"2,599","160,191","1,125","102,236",2,250,,,,,,
2003,Pennsylvania,211,924,0,0,0,0,,,,,,
2003,Rhode Island,80,91,2,34,0,0,,,,,,
2003,South Carolina,238,"2,913",309,"99,255",0,0,,,,,,
2003,South Dakota,206,"34,471",17,"1,917",0,0,,,,,,
2003,Tennessee,957,"8,140",21,"17,836",0,0,,,,,,
2003,Texas,982,"46,827",86,"61,676",0,0,,,,,,
2003,Utah,"1,630","115,994",52,"31,961",7,766,,,,,,
2003,Vermont,101,102,43,902,0,0,,,,,,
2003,Virginia,429,"3,743",40,"12,458",0,0,,,,,,
2003,Washington,"1,373","200,517",115,"18,186",10,"3,545",,,,,,
2003,West Virginia,648,"8,094",3,221,0,0,,,,,,
2003,Wisconsin,"2,320","6,069",66,"9,071",0,0,,,,,,
2003,Wyoming,557,"94,514",32,"32,852",15,"4,334",,,,,,
2004,Alabama,"2,853","40,033",99,"80,684",0,0,,,,,,
2004,Alaska,707,"6,645,978",6,"55,901",3,"66,917",,,,,,
2004,Arizona,"2,602","219,900",657,"66,199",21,"7,482",,,,,,
2004,Arkansas,"1,229","21,182",228,"226,095",0,0,,,,,,
2004,California,"8,415","242,057",743,"79,158",56,"8,369",,,,,,
2004,Colorado,"1,290","24,996",212,"47,788",40,"9,599",,,,,,
2004,Connecticut,74,94,12,185,0,0,,,,,,
2004,Delaware,0,0,0,0,0,0,,,,,,
2004,Florida,"3,363","169,789",535,"368,098",1,"3,007",,,,,,
2004,Georgia,"6,257","27,500",101,"68,461",0,0,,,,,,
2004,Hawaii,1,656,0,0,0,0,,,,,,
2004,Idaho,"1,098","13,981",478,"67,556",65,"4,501",,,,,,
2004,Illinois,38,476,20,"1,242",0,0,,,,,,
2004,Indiana,879,"3,351",74,"17,521",0,0,,,,,,
2004,Iowa,26,585,86,"7,727",0,0,,,,,,
2004,Kansas,42,"9,066",111,"26,891",0,0,,,,,,
2004,Kentucky,"1,531","28,247",43,"20,871",0,0,,,,,,
2004,Louisiana,"1,211","25,575",171,"145,469",0,0,,,,,,
2004,Maine,488,960,27,315,0,0,,,,,,
2004,Maryland,244,"3,147",51,"1,870",0,0,,,,,,
2004,Massachusetts,"1,767","1,534",23,495,0,0,,,,,,
2004,Michigan,474,"2,754",167,"11,467",2,1,,,,,,
2004,Minnesota,"2,035","42,881",595,"86,990",2,"1,436",,,,,,
2004,Mississippi,140,"3,002",239,"268,351",0,0,,,,,,
2004,Missouri,"2,073","32,542",62,"24,780",0,0,,,,,,
2004,Montana,"1,455","18,446",787,"44,634",25,"1,294",,,,,,
2004,Nebraska,24,400,56,"9,615",3,295,,,,,,
2004,Nevada,955,"39,794",27,"6,017",17,494,,,,,,
2004,New Hampshire,468,289,23,240,0,0,,,,,,
2004,New Jersey,880,549,143,"14,654",0,0,,,,,,
2004,New Mexico,"1,063","83,238",126,"83,317",17,"9,041",,,,,,
2004,New York,67,390,18,266,0,0,,,,,,
2004,North Carolina,"4,235","20,037",274,"95,490",0,0,,,,,,
2004,North Dakota,"1,039","21,358",152,"26,782",0,0,,,,,,
2004,Ohio,430,"3,126",44,"4,714",0,0,,,,,,
2004,Oklahoma,"1,616","58,893",48,"11,804",0,0,,,,,,
2004,Oregon,"2,266","30,018","1,055","138,880",8,"1,202",,,,,,
2004,Pennsylvania,3,3,1,115,0,0,,,,,,
2004,Rhode Island,70,81,1,3,0,0,,,,,,
2004,South Carolina,"3,242","23,584",179,"77,080",0,0,,,,,,
2004,South Dakota,365,"1,465",51,"16,901",0,0,,,,,,
2004,Tennessee,"1,525","15,080",21,"20,957",0,0,,,,,,
2004,Texas,609,"24,328",102,"119,873",0,0,,,,,,
2004,Utah,"1,530","76,654",83,"22,667",30,"10,100",,,,,,
2004,Vermont,81,244,28,595,0,0,,,,,,
2004,Virginia,923,"5,587",44,"14,151",0,0,,,,,,
2004,Washington,"1,674","92,617",224,"33,129",11,876,,,,,,
2004,West Virginia,608,"6,007",6,150,0,0,,,,,,
2004,Wisconsin,"1,164","2,385",524,"21,816",0,0,,,,,,
2004,Wyoming,332,"13,021",83,"24,322",8,4,,,,,,
2005,Alabama,"1,694","25,456",93,"74,954",0,0,,,,,,
2005,Alaska,607,"4,440,149",4,626,15,"168,595",,,,,,
2005,Arizona,"4,027","975,456",452,"111,452",19,"22,586",,,,,,
2005,Arkansas,"1,891","26,317",191,"135,968",0,0,,,,,,
2005,California,"7,162","202,754",903,"95,095",48,"12,569",,,,,,
2005,Colorado,"1,364","27,390",193,"48,213",47,"7,175",,,,,,
2005,Connecticut,316,263,10,130,0,0,,,,,,
2005,Delaware,16,231,12,225,0,0,,,,,,
2005,Florida,"2,189","35,922",341,"294,041",13,"3,641",,,,,,
2005,Georgia,"5,573","19,263",149,"121,443",0,0,,,,,,
2005,Hawaii,1,4,0,0,0,0,,,,,,
2005,Idaho,"1,154","442,391",239,"56,199",90,"100,569",,,,,,
2005,Illinois,27,733,36,"3,409",0,0,,,,,,
2005,Indiana,"1,151","2,568",70,"11,862",0,0,,,,,,
2005,Iowa,94,"10,566",137,"11,274",0,0,,,,,,
2005,Kansas,78,"21,670",71,"25,340",0,0,,,,,,
2005,Kentucky,"1,795","60,005",38,"21,721",0,0,,,,,,
2005,Louisiana,"1,814","47,468",160,"141,423",0,0,,,,,,
2005,Maine,507,822,45,397,0,0,,,,,,
2005,Maryland,444,"4,350",59,"4,472",0,0,,,,,,
2005,Massachusetts,"2,173","2,530",7,24,0,0,,,,,,
2005,Michigan,680,"4,684",99,"6,017",0,0,,,,,,
2005,Minnesota,"1,745","24,944",644,"106,602",2,11,,,,,,
2005,Mississippi,127,"5,409",196,"219,005",0,0,,,,,,
2005,Missouri,268,0,0,0,0,0,,,,,,
2005,Montana,"1,316","103,267",443,"35,727",56,"33,823",,,,,,
2005,Nebraska,175,"2,670",39,"7,528",0,0,,,,,,
2005,Nevada,798,"1,032,114",33,"13,580",10,141,,,,,,
2005,New Hampshire,517,172,17,140,0,0,,,,,,
2005,New Jersey,"1,214","1,532",137,"10,477",0,0,,,,,,
2005,New Mexico,"1,282","67,036",128,"85,276",27,"95,776",,,,,,
2005,New York,206,656,25,363,0,0,,,,,,
2005,North Carolina,"4,181","16,801",264,"112,485",0,0,,,,,,
2005,North Dakota,355,"10,195",140,"30,486",0,0,,,,,,
2005,Ohio,565,"2,920",13,"1,887",0,0,,,,,,
2005,Oklahoma,"2,445","146,594",45,"17,114",0,0,,,,,,
2005,Oregon,"1,820","155,331",828,"97,065",36,"36,750",,,,,,
2005,Pennsylvania,304,"1,100",4,235,0,0,,,,,,
2005,Rhode Island,95,84,1,2,0,0,,,,,,
2005,South Carolina,"2,567","14,436",195,"88,965",0,0,,,,,,
2005,South Dakota,"1,242","15,926",127,"14,726",0,0,,,,,,
2005,Tennessee,"1,982","22,857",27,"22,764",0,0,,,,,,
2005,Texas,"2,297","158,520",147,"142,574",0,0,,,,,,
2005,Utah,"1,236","313,932",70,"20,818",50,"7,454",,,,,,
2005,Vermont,244,574,14,139,0,0,,,,,,
2005,Virginia,778,"5,337",48,"17,404",0,0,,,,,,
2005,Washington,998,"185,748",231,"14,707",1,2,,,,,,
2005,West Virginia,995,"2,762",4,87,0,0,,,,,,
2005,Wisconsin,"1,628","6,311",558,"29,258",0,0,,,,,,
2005,Wyoming,398,"17,920",74,"27,339",23,94,,,,,,
2006,Alabama,"3,282","55,901","14,766","869,097",0,0,,,,,,
2006,Alaska,308,"266,266",8,"12,039",3,317,,,,,,
2006,Arizona,"3,274","177,427","1,576","75,325",33,"20,886",,,,,,
2006,Arkansas,"2,700","75,506",148,"112,607",1,"3,739",,,,,,
2006,California,"8,202","678,919",622,"67,678",60,"23,717",,,,,,
2006,Colorado,"2,023","94,483",192,"36,661",11,0,,,,,,
2006,Connecticut,322,419,6,56,0,0,,,,,,
2006,Delaware,30,126,7,94,0,0,,,,,,
2006,Florida,"4,292","199,993",376,"264,541",4,97,,,,,,
2006,Georgia,"8,352","40,202",112,"77,078",0,0,,,,,,
2006,Hawaii,4,"9,863",0,0,0,0,,,,,,
2006,Idaho,"1,831","933,548",528,"63,459",110,"39,358",,,,,,
2006,Illinois,26,"1,040",37,"4,727",0,0,,,,,,
2006,Indiana,747,"3,468",406,"20,077",0,0,,,,,,
2006,Iowa,15,827,131,"10,433",0,0,,,,,,
2006,Kansas,147,"85,746",60,"21,162",0,0,,,,,,
2006,Kentucky,"1,955","60,534",37,"24,194",0,0,,,,,,
2006,Louisiana,"2,256","42,712",138,"117,679",0,0,,,,,,
2006,Maine,614,"1,794",23,226,0,0,,,,,,
2006,Maryland,770,"6,396",49,"4,485",0,0,,,,,,
2006,Massachusetts,"2,134","2,821",6,218,0,0,,,,,,
2006,Michigan,500,"8,128",131,"7,174",0,0,,,,,,
2006,Minnesota,"2,438","66,540",608,"79,172",3,"1,697",,,,,,
2006,Mississippi,"7,427","178,973",115,"92,147",0,0,,,,,,
2006,Missouri,256,"24,308",82,"21,139",0,0,,,,,,
2006,Montana,"2,311","1,047,323",480,"45,059",44,"15,277",,,,,,
2006,Nebraska,64,"7,164",63,"8,691",0,0,,,,,,
2006,Nevada,"1,279","1,349,023",34,"6,685",13,"3,349",,,,,,
2006,New Hampshire,495,472,25,222,0,0,,,,,,
2006,New Jersey,"1,599","2,514",151,"17,275",0,0,,,,,,
2006,New Mexico,"2,636","607,802",108,"67,796",19,"15,356",,,,,,
2006,New York,249,"2,508",38,"1,748",0,0,,,,,,
2006,North Carolina,"5,540","24,995",238,"101,432",0,0,,,,,,
2006,North Dakota,"1,383","90,794",164,"31,005",0,0,,,,,,
2006,Ohio,747,"3,866",14,"1,779",0,0,,,,,,
2006,Oklahoma,"3,320","324,011",4,335,0,0,,,,,,
2006,Oregon,"3,251","545,870","1,337","112,949",4,"3,000",,,,,,
2006,Pennsylvania,563,"6,822",2,112,0,0,,,,,,
2006,Rhode Island,106,120,3,36,0,0,,,,,,
2006,South Carolina,"2,795","14,682",188,"89,710",0,0,,,,,,
2006,South Dakota,"2,342","237,807",150,"16,508",0,0,,,,,,
2006,Tennessee,"2,417","36,479",6,"2,088",0,0,,,,,,
2006,Texas,"3,062","1,564,170",159,"138,167",0,0,,,,,,
2006,Utah,"1,844","340,572",72,"20,536",35,"6,338",,,,,,
2006,Vermont,125,232,4,53,0,0,,,,,,
2006,Virginia,"1,315","19,989",30,"8,975",0,0,,,,,,
2006,Washington,"1,579","410,060",200,"25,689",4,"9,288",,,,,,
2006,West Virginia,"1,038","15,480",8,189,0,0,,,,,,
2006,Wisconsin,"1,702","2,287",738,"30,239",0,0,,,,,,
2006,Wyoming,712,"202,301",49,"11,799",15,"22,637",,,,,,
2007,Alabama,"3,373","64,262","14,644","792,768",0,0,,,,,,
2007,Alaska,448,"525,017",4,"20,650",58,"124,399",,,,,,
2007,Arizona,"2,240","101,381",363,"98,593",23,"10,760",,,,,,
2007,Arkansas,"1,290","32,212",242,"225,344",1,"3,481",,,,,,
2007,California,"9,093","1,087,110",895,"71,403",46,"1,784",,,,,,
2007,Colorado,"1,351","20,739",174,"35,840",19,229,,,,,,
2007,Connecticut,361,288,7,60,0,0,,,,,,
2007,Delaware,23,153,9,165,0,0,,,,,,
2007,Florida,"4,783","584,495",467,"307,290",19,"3,215",,,,,,
2007,Georgia,"8,726","837,895",105,"50,974",0,0,,,,,,
2007,Hawaii,5,"21,030",0,0,0,0,,,,,,
2007,Idaho,"1,473","1,980,552",518,"47,788",73,"199,217",,,,,,
2007,Illinois,77,611,179,"12,548",0,0,,,,,,
2007,Indiana,886,"5,730",277,"27,155",0,0,,,,,,
2007,Iowa,54,684,217,"12,231",0,0,,,,,,
2007,Kansas,75,"24,260",54,"21,194",0,0,,,,,,
2007,Kentucky,"2,092","60,917",35,"18,820",0,0,,,,,,
2007,Louisiana,931,"9,341",145,"138,256",0,0,,,,,,
2007,Maine,491,423,37,196,0,0,,,,,,
2007,Maryland,675,"5,790",51,"4,094",0,0,,,,,,
2007,Massachusetts,"2,204","2,687",5,46,0,0,,,,,,
2007,Michigan,535,"23,344",82,"7,049",0,0,,,,,,
2007,Minnesota,"1,821","163,111",603,"92,572",2,11,,,,,,
2007,Mississippi,"1,233","16,119",198,"240,751",0,0,,,,,,
2007,Missouri,165,"10,537",75,"27,532",0,0,,,,,,
2007,Montana,"1,875","778,079",441,"37,166",26,"44,732",,,,,,
2007,Nebraska,62,"4,074",56,"9,958",0,0,,,,,,
2007,Nevada,891,"890,414",27,"11,192",6,"3,631",,,,,,
2007,New Hampshire,421,212,15,187,1,0,,,,,,
2007,New Jersey,"1,257","20,849",133,"11,712",0,0,,,,,,
2007,New Mexico,"1,418","97,750",163,"54,489",22,"26,785",,,,,,
2007,New York,211,855,16,375,0,0,,,,,,
2007,North Carolina,"7,000","54,658",186,"94,084",0,0,,,,,,
2007,North Dakota,953,"41,647",125,"23,969",0,0,,,,,,
2007,Ohio,576,"1,578",10,"1,643",0,0,,,,,,
2007,Oklahoma,"3,527","70,324",31,"20,096",0,0,,,,,,
2007,Oregon,"2,561","648,046",867,"110,876",0,0,,,,,,
2007,Pennsylvania,523,"1,047",3,40,0,0,,,,,,
2007,Rhode Island,100,61,5,110,0,0,,,,,,
2007,South Carolina,"3,842","17,064",212,"101,015",0,0,,,,,,
2007,South Dakota,"1,505","78,013",139,"31,522",0,0,,,,,,
2007,Tennessee,"3,364","48,699",17,"14,146",0,0,,,,,,
2007,Texas,700,"36,304",193,"230,798",2,1,,,,,,
2007,Utah,"1,423","620,730",85,"36,840",19,"7,184",,,,,,
2007,Vermont,99,230,5,302,0,0,,,,,,
2007,Virginia,"1,569","15,019",35,"10,350",2,407,,,,,,
2007,Washington,"1,268","214,925","1,307","33,981",3,802,,,,,,
2007,West Virginia,846,"7,149",6,450,0,0,,,,,,
2007,Wisconsin,"1,458","4,713",545,"34,134",0,0,,,,,,
2007,Wyoming,593,78004,65,26313,24,3891,,,,,,
2008,Alabama,"3,103","32,447",93,"93,619",0,0,,,,,,
2008,Alaska,340,"62,648",10,"3,990",28,"40,999",,,,,,
2008,Arizona,"1,850","85,496",413,"132,951",18,"28,148",,,,,,
2008,Arkansas,917,"10,941",247,"188,672",1,52,,,,,,
2008,California,"4,108","1,375,781",827,"87,416",31,"29,503",,,,,,
2008,Colorado,"1,131","141,964",184,"43,048",11,"2,378",,,,,,
2008,Connecticut,330,893,6,68,0,0,,,,,,
2008,Delaware,20,36,6,92,0,0,,,,,,
2008,Florida,"2,939","156,102",432,"402,967",0,0,,,,,,
2008,Georgia,"5,454","23,081",152,"90,945",0,0,,,,,,
2008,Hawaii,0,0,0,0,0,0,,,,,,
2008,Idaho,997,"116,796",511,"57,365",38,"51,671",,,,,,
2008,Illinois,15,16,84,"6,231",1,2,,,,,,
2008,Indiana,572,"1,064",81,"13,703",0,0,,,,,,
2008,Iowa,177,"2,217",5,323,0,0,,,,,,
2008,Kansas,68,"64,772",82,"15,723",0,0,,,,,,
2008,Kentucky,"1,552","38,474",24,"17,395",0,0,,,,,,
2008,Louisiana,"1,359","17,332",0,0,0,0,,,,,,
2008,Maine,442,535,24,281,0,0,,,,,,
2008,Maryland,564,"2,421",26,547,0,0,,,,,,
2008,Massachusetts,"1,833","2,918",7,693,0,0,,,,,,
2008,Michigan,412,"2,675",242,"17,492",0,0,,,,,,
2008,Minnesota,"1,136","19,712",597,"108,402",0,0,,,,,,
2008,Mississippi,"1,898","27,399",29,"13,412",0,0,,,,,,
2008,Missouri,"1,051","9,765",323,"31,949",0,0,,,,,,
2008,Montana,"1,421","166,840",294,"36,638",26,"7,931",,,,,,
2008,Nebraska,15,374,15,"4,994",0,0,,,,,,
2008,Nevada,452,"71,930",20,"8,399",19,"10,539",,,,,,
2008,New Hampshire,274,195,15,147,0,0,,,,,,
2008,New Jersey,"1,237","3,322",157,"18,701",2,1,,,,,,
2008,New Mexico,"1,207","487,652",106,"71,930",9,"2,207",,,,,,
2008,New York,156,"3,629",29,412,0,0,,,,,,
2008,North Carolina,"4,414","95,938",182,"57,597",0,0,,,,,,
2008,North Dakota,936,"38,620",121,"20,281",0,0,,,,,,
2008,Ohio,348,"1,078",213,"6,767",0,0,,,,,,
2008,Oklahoma,"5,572","196,563",23,"8,426",0,0,,,,,,
2008,Oregon,"1,766","136,572",781,"112,450",14,"3,649",,,,,,
2008,Pennsylvania,733,"7,694",6,118,0,0,,,,,,
2008,Rhode Island,119,132,7,108,0,0,,,,,,
2008,South Carolina,"2,626","15,751",170,"90,986",0,0,,,,,,
2008,South Dakota,957,"8,936",176,"35,524",0,0,,,,,,
2008,Tennessee,"1,437","23,431",22,"19,252",0,0,,,,,,
2008,Texas,"16,713","1,570,586",35,"15,315",0,0,,,,,,
2008,Utah,999,"28,490",119,"34,620",21,"3,060",,,,,,
2008,Vermont,124,168,16,312,0,0,,,,,,
2008,Virginia,"1,221","40,653",22,"19,875",6,"1,934",,,,,,
2008,Washington,"1,303","147,264",83,"6,292",32,812,,,,,,
2008,West Virginia,885,"10,296",4,723,0,0,,,,,,
2008,Wisconsin,895,"1,050",625,"33,849",0,0,,,,,,
2008,Wyoming,296,36941,45,10625,7,53948,,,,,,
2009,Alabama,28,840,127,"90,359",,,,,,,,
2009,Alaska,527,"2,951,597",1,290,,,,,,,,
2009,Arizona,"2,371","263,358","2,097","147,531",,,,,,,,
2009,Arkansas,"1,125","19,229",262,"195,285",,,,,,,,
2009,California,"9,159","405,585",841,"93,940",,,,,,,,
2009,Colorado,"1,190","50,456",225,"25,674",,,,,,,,
2009,Connecticut,264,246,6,76,,,,,,,,
2009,Delaware,19,44,6,92,,,,,,,,
2009,Florida,"2,939","156,102",432,"402,967",,,,,,,,
2009,Georgia,"3,732","13,714",176,"100,167",,,,,,,,
2009,Hawaii,1,"7,800",0,0,,,,,,,,
2009,Idaho,"1,142","22,681",397,"33,895",,,,,,,,
2009,Illinois,115,"1,155",250,"14,833",,,,,,,,
2009,Indiana,"2,083","4,706",289,"13,134",,,,,,,,
2009,Iowa,718,"8,565",621,"33,339",,,,,,,,
2009,Kansas,100,"40,278",90,"16,844",,,,,,,,
2009,Kentucky,"1,432","43,741",37,"18,758",,,,,,,,
2009,Louisiana,"1,578","29,272",12,"9,849",,,,,,,,
2009,Maine,482,481,38,212,,,,,,,,
2009,Maryland,414,"4,956",76,"1,353",,,,,,,,
2009,Massachusetts,"1,121","1,144",21,213,,,,,,,,
2009,Michigan,508,"3,899",128,"14,150",,,,,,,,
2009,Minnesota,"1,371","13,858",741,"158,160",,,,,,,,
2009,Mississippi,"2,366","31,280",25,"8,800",,,,,,,,
2009,Missouri,"2,957","42,241",602,"95,268",,,,,,,,
2009,Montana,"1,731","48,912",377,"38,433",,,,,,,,
2009,Nebraska,44,"1,164",74,"11,397",,,,,,,,
2009,Nevada,688,"33,366",16,"3,108",,,,,,,,
2009,New Hampshire,289,159,31,182,,,,,,,,
2009,New Jersey,775,"1,131",4,71,,,,,,,,
2009,New Mexico,"1,278","421,481",76,"99,132",,,,,,,,
2009,New York,158,"1,404",23,410,,,,,,,,
2009,North Carolina,"3,344","25,142",641,"156,225",,,,,,,,
2009,North Dakota,302,"3,404",110,"24,714",,,,,,,,
2009,Ohio,"1,164","10,962",15,"4,487",,,,,,,,
2009,Oklahoma,"1,773","153,948",14,"5,383",,,,,,,,
2009,Oregon,"1,488","100,668",750,"130,654",,,,,,,,
2009,Pennsylvania,630,"6,132",10,409,,,,,,,,
2009,Rhode Island,49,45,1,0,,,,,,,,
2009,South Carolina,"1,526","7,663",703,"113,004",,,,,,,,
2009,South Dakota,823,"10,056",174,"40,145",,,,,,,,
2009,Tennessee,"1,448","18,704",18,"25,967",,,,,,,,
2009,Texas,"16,614","753,261",151,"172,826",,,,,,,,
2009,Utah,"1,136","112,753",147,"28,173",,,,,,,,
2009,Vermont,84,192,18,355,,,,,,,,
2009,Virginia,920,"8,002",37,"17,392",,,,,,,,
2009,Washington,"1,976","77,250",135,"26,419",,,,,,,,
2009,West Virginia,941,13591,7,155,,,,,,,,
2009,Wisconsin,"1,640",3746,659,31221,,,,,,,,
2009,Wyoming,370,23123,80,16299,,,,,,,,
2010,Alabama,"2,561","24,956",109,"85,175",,,,,,,,
2010,Alaska,689,"1,125,419",6,505,,,,,,,,
2010,Arizona,"1,601","76,318",255,"86,826",,,,,,,,
2010,Arkansas,"2,353","37,671",257,"204,808",,,,,,,,
2010,California,"6,554","109,529",970,"72,565",,,,,,,,
2010,Colorado,"1,169","44,020",306,"29,377",,,,,,,,
2010,Connecticut,69,267,6,52,,,,,,,,
2010,Delaware,12,32,3,22,,,,,,,,
2010,Florida,"2,984","63,091",537,444400,,,,,,,,
2010,Georgia,"4,273","20,137",8512,158311,,,,,,,,
2010,Hawaii,9,"10,172",0,0,,,,,,,,
2010,Idaho,984,"642,997",223,"36,652",,,,,,,,
2010,Illinois,121,"1,330",45,"7,639",,,,,,,,
2010,Indiana,"1,296","7,940",65,"15,635",,,,,,,,
2010,Iowa,123,"2,722",110,"8,665",,,,,,,,
2010,Kansas,51,"25,055",56,"11,642",,,,,,,,
2010,Kentucky,"1,911","60,287",26,"23,044",,,,,,,,
2010,Louisiana,"2,374","35,448",20,"12,395",,,,,,,,
2010,Maine,558,353,36,317,,,,,,,,
2010,Maryland,176,"1,590",45,"1,604",,,,,,,,
2010,Massachusetts,"2,027","2,156",39,550,,,,,,,,
2010,Michigan,623,"12,122",157,"13,817",,,,,,,,
2010,Minnesota,"2,067","34,121",528,133466,,,,,,,,
2010,Mississippi,"3,354","34,810",211,251726,,,,,,,,
2010,Missouri,"1,397","22,274",433,"69,520",,,,,,,,
2010,Montana,"1,050","56,711",515,"41,518",,,,,,,,
2010,Nebraska,27,"1,142",58,"23,119",,,,,,,,
2010,Nevada,487,"23,869",28,"4,771",,,,,,,,
2010,New Hampshire,358,145,11,77,,,,,,,,
2010,New Jersey,"3,616","18,495",85,"2,537",,,,,,,,
2010,New Mexico,998,"233,056",63,"61,403",,,,,,,,
2010,New York,154,"2,087",21,"3,586",,,,,,,,
2010,North Carolina,"4,213","21,463",569,"87,446",,,,,,,,
2010,North Dakota,460,"3,854",157,"29,671",,,,,,,,
2010,Ohio,571,"4,218",16,"1,927",,,,,,,,
2010,Oklahoma,"1,735","85,770",21,"10,064",,,,,,,,
2010,Oregon,"1,315","93,731",836,114716,,,,,,,,
2010,Pennsylvania,583,"3,482",43,"2,242",,,,,,,,
2010,Rhode Island,30,23,0,0,,,,,,,,
2010,South Carolina,"1,916","7,568",87,"13,778",,,,,,,,
2010,South Dakota,"1,078","12,461",204,"41,491",,,,,,,,
2010,Tennessee,"1,858","22,149",16,"10,767",,,,,,,,
2010,Texas,"6,748","210,320",144,"166,006",,,,,,,,
2010,Utah,"1,050","64,781",124,"22,657",,,,,,,,
2010,Vermont,81,86,13,292,,,,,,,,
2010,Virginia,868,"8,369",31,"21,986",,,,,,,,
2010,Washington,870,"56,820",125,"20,482",,,,,,,,
2010,West Virginia,718,"14,701",15,"2,950",,,,,,,,
2010,Wisconsin,"1,318","2,224",687,"44,650",,,,,,,,
2010,Wyoming,"71,971","3,422,724","16,882","2,423,862",,,,,,,,
2011,Alabama,"3,073","71,311",106,"73,470",,,,,,,,
2011,Alaska,515,"293,018",20,"8,982",,,,,,,,
2011,Arizona,"1,988","1,016,428",204,"61,170",,,,,,,,
2011,Arkansas,"2,627","54,032",195,"142,503",,,,,,,,
2011,California,"7,989","126,854",682,"59,273",,,,,,,,
2011,Colorado,"1,286","161,167",236,"29,331",,,,,,,,
2011,Connecticut,196,244,7,42,,,,,,,,
2011,Delaware,0,0,0,0,,,,,,,,
2011,Florida,"5,102","299,991",473,"327,178",,,,,,,,
2011,Georgia,"8,387","149,222",148,"96,763",,,,,,,,
2011,Hawaii,3,"2,178",1,150,,,,,,,,
2011,Idaho,"1,094","384,103",347,"43,333",,,,,,,,
2011,Illinois,62,"2,019",119,"7,852",,,,,,,,
2011,Indiana,27,530,45,"8,185",,,,,,,,
2011,Iowa,561,"2,145",463,"34,372",,,,,,,,
2011,Kansas,99,"111,128",49,"10,102",,,,,,,,
2011,Kentucky,"1,040","24,961",19,"12,952",,,,,,,,
2011,Louisiana,"3,079","52,763",130,159161,,,,,,,,
2011,Maine,308,116,13,233,,,,,,,,
2011,Maryland,131,"8,310",55,769,,,,,,,,
2011,Massachusetts,"1,116",545,64,937,,,,,,,,
2011,Michigan,322,"1,865",142,"12,584",,,,,,,,
2011,Minnesota,"1,238","135,650",585,"103,294",,,,,,,,
2011,Mississippi,"2,341","42,036",32,"17,551",,,,,,,,
2011,Missouri,"2,732","55,395",340,"71,534",,,,,,,,
2011,Montana,1335,168010,384,"39,635",,,,,,,,
2011,Nebraska,80,"29,643",50,"20,510",,,,,,,,
2011,Nevada,817,"424,170",32,"5,995",,,,,,,,
2011,New Hampshire,139,48,16,182,,,,,,,,
2011,New Jersey,708,794,137,"14,572",,,,,,,,
2011,New Mexico,1875,1286487,75,254762,,,,,,,,
2011,New York,47,232,12,356,,,,,,,,
2011,North Carolina,5279,119482,1279,170668,,,,,,,,
2011,North Dakota,353,"2,862",99,"17,644",,,,,,,,
2011,Ohio,246,"1,203",4,"1,476",,,,,,,,
2011,Oklahoma,"2,486","293,381",7,"2,217",,,,,,,,
2011,Oregon,"1,151","285,712",703,"73,855",,,,,,,,
2011,Pennsylvania,204,636,26,"4,054",,,,,,,,
2011,Rhode Island,30,27,6,112,,,,,,,,
2011,South Carolina,"2,703","16,141",113,"66,007",,,,,,,,
2011,South Dakota,"1,248","97,230",236,"46,453",,,,,,,,
2011,Tennessee,"1,170","13,812",16,"15,477",,,,,,,,
2011,Texas,"3,470","2,722,623",20,"13,969",,,,,,,,
2011,Utah,"1,102","62,783",115,"16,354",,,,,,,,
2011,Vermont,11,14,7,111,,,,,,,,
2011,Virginia,831,"20,114",144,"6,496",,,,,,,,
2011,Washington,993,"17,480",147,"18,664",,,,,,,,
2011,West Virginia,342,"2,680",5,567,,,,,,,,
2011,Wisconsin,735,719,529,"30,536",,,,,,,,
2011,Wyoming,680,"135,878",35,"10,418",,,,,,,,
2012,Alabama,"1,531","24,267",153,"96,258",,,,,,,,
2012,Alaska,416,"286,887",24,"13,226",,,,,,,,
2012,Arizona,"1,684","216,090",243,"80,959",,,,,,,,
2012,Arkansas,"2,389","39,765",169,"167,275",,,,,,,,
2012,California,"7,950","869,599",632,"56,830",,,,,,,,
2012,Colorado,"1,498","246,445",133,"8,775",,,,,,,,
2012,Connecticut,180,417,4,42,,,,,,,,
2012,Delaware,0,0,0,0,,,,,,,,
2012,Florida,"2,227","66,868",316,"238,175",,,,,,,,
2012,Georgia,"3,331","19,136",69,"40,729",,,,,,,,
2012,Hawaii,2,"1,802",0,0,,,,,,,,
2012,Idaho,"1,149","1,667,654",317,"31,064",,,,,,,,
2012,Illinois,157,"1,848",432,"23,871",,,,,,,,
2012,Indiana,69,"1,846",49,"14,377",,,,,,,,
2012,Iowa,10,349,98,"14,079",,,,,,,,
2012,Kansas,71,"53,607",42,"10,991",,,,,,,,
2012,Kentucky,"1,293","35,397",29,"18,909",,,,,,,,
2012,Louisiana,967,"11,088",149,"144,485",,,,,,,,
2012,Maine,551,489,23,240,,,,,,,,
2012,Maryland,161,838,63,"12,341",,,,,,,,
2012,Massachusetts,"1,446","1,027",34,334,,,,,,,,
2012,Michigan,777,"28,377",95,"6,146",,,,,,,,
2012,Minnesota,"2,391","64,682",461,"71,986",,,,,,,,
2012,Mississippi,10,135,9,"1,922",,,,,,,,
2012,Missouri,701,"26,456",60,"51,295",,,,,,,,
2012,Montana,2213,1220655,376,28594,,,,,,,,
2012,Nebraska,149,"316,015",26,"9,064",,,,,,,,
2012,Nevada,944,"613,126",41,"6,310",,,,,,,,
2012,New Hampshire,312,221,5,40,,,,,,,,
2012,New Jersey,"1,068","3,095",1,42,,,,,,,,
2012,New Mexico,"1,029","372,497",59,"30,014",,,,,,,,
2012,New York,168,"2,127",12,323,,,,,,,,
2012,North Carolina,"3,463","35,590",1260,156298,,,,,,,,
2012,North Dakota,"1,094","32,030",115,"27,937",,,,,,,,
2012,Ohio,309,"1,250",11,"1,617",,,,,,,,
2012,Oklahoma,"1,595","232,579",9,"2,533",,,,,,,,
2012,Oregon,963,"1,256,049",605,"60,838",,,,,,,,
2012,Pennsylvania,683,"3,157",59,"3,255",,,,,,,,
2012,Rhode Island,49,41,1,2,,,,,,,,
2012,South Carolina,"1,799","10,202","9,480","311,917",,,,,,,,
2012,South Dakota,"2,784","274,606",90,"18,051",,,,,,,,
2012,Tennessee,"1,158","19,948",24,"20,522",,,,,,,,
2012,Texas,"10,620","179,602",97,"110,270",,,,,,,,
2012,Utah,"1,534","415,267",82,"16,432",,,,,,,,
2012,Vermont,92,405,13,320,,,,,,,,
2012,Virginia,583,"46,481",20,"13,086",,,,,,,,
2012,Washington,"1,342","259,526",77,"9,229",,,,,,,,
2012,West Virginia,488,"6,703",5,"1,643",,,,,,,,
2012,Wisconsin,"1,536","2,880",509,"31,402",,,,,,,,
2012,Wyoming,838,"357,117",45,"7,786",,,,,,,,
2013,Alabama,"1,284","25,623",132,"113,070",,,,,,,,
2013,Alaska,603,"1,316,876",16,"5,177",,,,,,,,
2013,Arizona,"1,756","105,281",134,"49,491",,,,,,,,
2013,Arkansas,881,"14,733",198,"179,216",,,,,,,,
2013,California,"9,907","577,675",542,"48,544",,,,,,,,
2013,Colorado,"1,176","195,145",192,"16,321",,,,,,,,
2013,Connecticut,76,238,4,37,,,,,,,,
2013,Delaware,4,17,20,200,,,,,,,,
2013,Florida,101,"7,660",430,"339,368",,,,,,,,
2013,Georgia,"2,942","6,736",206,"131,514",,,,,,,,
2013,Hawaii,0,0,0,0,,,,,,,,
2013,Idaho,"1,471","722,204",312,"28,894",,,,,,,,
2013,Illinois,24,55,178,"16,517",,,,,,,,
2013,Indiana,19,806,36,"4,229",,,,,,,,
2013,Iowa,436,"14,704",258,"18,448",,,,,,,,
2013,Kansas,16,"7,137",11,"1,314",,,,,,,,
2013,Kentucky,"1,030","25,084",30,"15,359",,,,,,,,
2013,Louisiana,"1,027","17,883",21,"15,262",,,,,,,,
2013,Maine,426,743,23,303,,,,,,,,
2013,Maryland,126,182,68,"2,607",,,,,,,,
2013,Massachusetts,"1,132",879,45,630,,,,,,,,
2013,Michigan,436,940,88,"6,697",,,,,,,,
2013,Minnesota,"1,115","22,107",333,"48,837",,,,,,,,
2013,Mississippi,5,33,25,"18,545",,,,,,,,
2013,Missouri,51,"1,660",12,"5,587",,,,,,,,
2013,Montana,"1,723","124,209",434,"35,221",,,,,,,,
2013,Nebraska,10,63,13,"6,242",,,,,,,,
2013,Nevada,763,"162,907",30,"1,665",,,,,,,,
2013,New Hampshire,85,137,18,158,,,,,,,,
2013,New Jersey,"1,013","1,430",0,0,,,,,,,,
2013,New Mexico,"1,064","221,951",45,"16,474",,,,,,,,
2013,New York,138,"1,073",40,898,,,,,,,,
2013,North Carolina,"3,514","24,547","1,355","146,229",,,,,,,,
2013,North Dakota,515,"16,116",34,"5,176",,,,,,,,
2013,Ohio,31,152,3,"1,789",,,,,,,,
2013,Oklahoma,610,"26,490",18,"3,774",,,,,,,,
2013,Oregon,"2,848","350,786",483,"74,684",,,,,,,,
2013,Pennsylvania,639,"1,788",119,"7,639",,,,,,,,
2013,Rhode Island,7,27,0,0,,,,,,,,
2013,South Carolina,"1,337","7,082","11,878","390,504",,,,,,,,
2013,South Dakota,889,"4,475",98,"27,263",,,,,,,,
2013,Tennessee,424,"7,080",21,"22,323",,,,,,,,
2013,Texas,70,"10,743",96,118951,,,,,,,,
2013,Utah,"1,276","70,282",111,"14,029",,,,,,,,
2013,Vermont,124,281,34,521,,,,,,,,
2013,Virginia,482,"4,418",20,"22,409",,,,,,,,
2013,Washington,"1,527","152,603",152,"13,145",,,,,,,,
2013,West Virginia,557,"8,577",1,811,,,,,,,,
2013,Wisconsin,671,"9,196",393,"18,499",,,,,,,,
2013,Wyoming,468,"44,016",54,"5,469",,,,,,,,
2014,Alabama,"2,093","40,527",132,"101,507",,,,,,,,
2014,Alaska,384,"233,561",7,"59,591",,,,,,,,
2014,Arizona,"1,543","205,199",133,"64,905",,,,,,,,
2014,Arkansas,"1,302","20,164",142,"134,305",,,,,,,,
2014,California,"7,865",555044,515,"36,997",,,,,,,,
2014,Colorado,830,24949,239,19807,,,,,,,,
2014,Connecticut,28,69,4,34,,,,,,,,
2014,Delaware,0,0,0,0,,,,,,,,
2014,Florida,"2,436","101,599",471,"360,868",,,,,,,,
2014,Georgia,"3,562",19199,72,"53,457",,,,,,,,
2014,Hawaii,0,0,0,0,,,,,,,,
2014,Idaho,"1,180",189430,321,"39,050",,,,,,,,
2014,Illinois,36,727,114,"14,355",,,,,,,,
2014,Indiana,54,276,36,"8,728",,,,,,,,
2014,Iowa,577,11347,338,"19,226",,,,,,,,
2014,Kansas,68,31261,47,"12,327",,,,,,,,
2014,Kentucky,"1,466",43199,16,"7,341",,,,,,,,
2014,Louisiana,"1,005",25337,115,"123,754",,,,,,,,
2014,Maine,282,158,20,274,,,,,,,,
2014,Maryland,125,"1,802",56,"8,711",,,,,,,,
2014,Massachusetts,1169,"1,197",64,652,,,,,,,,
2014,Michigan,268,716,154,"16,333",,,,,,,,
2014,Minnesota,990,4367,562,108052,,,,,,,,
2014,Mississippi,97,10053,183,161125,,,,,,,,
2014,Missouri,105,5607,42,45169,,,,,,,,
2014,Montana,1646,38118,491,53693,,,,,,,,
2014,Nebraska,38,992,25,5424,,,,,,,,
2014,Nevada,531,59252,27,3891,,,,,,,,
2014,New Hampshire,62,45,13,134,,,,,,,,
2014,New Jersey,962,10400,208,15171,,,,,,,,
2014,New Mexico,728,23440,65,36092,,,,,,,,
2014,New York,94,582,11,335,,,,,,,,
2014,North Carolina,4625,15601,1402,160924,,,,,,,,
2014,North Dakota,567,4069,76,15632,,,,,,,,
2014,Ohio,63,684,7,3031,,,,,,,,
2014,Oklahoma,1007,157080,22,4209,,,,,,,,
2014,Oregon,3087,984629,658,88887,,,,,,,,
2014,Pennsylvania,877,4519,167,6956,,,,,,,,
2014,Rhode Island,1,0,0,0,,,,,,,,
2014,South Carolina,1374,8312,8924,343586,,,,,,,,
2014,South Dakota,918,13127,144,35505,,,,,,,,
2014,Tennessee,1249,156391,35,18181,,,,,,,,
2014,Texas,9677,131138,58,98247,,,,,,,,
2014,Utah,1035,28255,113,15801,,,,,,,,
2014,Vermont,53,91,8,118,,,,,,,,
2014,Virginia,736,10446,24,23137,,,,,,,,
2014,Washington,1480,386972,98,15197,,,,,,,,
2014,West Virginia,671,8286,9,1294,,,,,,,,
2014,Wisconsin,613,3268,624,40795,,,,,,,,
2014,Wyoming,403,7836,52,6990,,,,,,,,
2015,Alabama,"3,198","47,380",107,"82,781",,,,,,,,
2015,Alaska,768,"5,111,404",7,"4,953",,,,,,,,
2015,Arizona,"1,662","160,152",224,"96,973",,,,,,,,
2015,Arkansas,"1,837","26,630",138,"92,278",,,,,,,,
2015,California,8745,893362,617,46829,,,,,,,,
2015,Colorado,709,22602,267,26178,,,,,,,,
2015,Connecticut,76,159,4,25,,,,,,,,
2015,Delaware,0,0,0,0,,,,,,,,
2015,Florida,2422,73432,355,301746,,,,,,,,
2015,Georgia,2331,10556,20612,986046,,,,,,,,
2015,Hawaii,17,5611,0,0,,,,,,,,
2015,Idaho,1324,804094,302,26268,,,,,,,,
2015,Illinois,18,806,159,23559,,,,,,,,
2015,Indiana,16,868,59,9842,,,,,,,,
2015,Iowa,533,14945,431,29719,,,,,,,,
2015,Kansas,154,53936,42,"8,323",,,,,,,,
2015,Kentucky,774,19207,20,"10,162",,,,,,,,
2015,Louisiana,"1,172",21036,121,"138,124",,,,,,,,
2015,Maine,375,574,18,84,,,,,,,,
2015,Maryland,158,"1,078",46,"1,185",,,,,,,,
2015,Massachusetts,1525,"1,763",51,"1,050",,,,,,,,
2015,Michigan,526,3806,200,13233,,,,,,,,
2015,Minnesota,1849,30563,695,73206,,,,,,,,
2015,Mississippi,2294,34769,109,68914,,,,,,,,
2015,Missouri,3161,29893,52,34574,,,,,,,,
2015,Montana,2432,351264,578,44906,,,,,,,,
2015,Nebraska,51,4854,35,9089,,,,,,,,
2015,Nevada,551,42479,36,"4,916",,,,,,,,
2015,New Hampshire,114,622,6,55,,,,,,,,
2015,New Jersey,1013,2685,8,171,,,,,,,,
2015,New Mexico,696,44104,72,23093,,,,,,,,
2015,New York,186,"3,844",14,345,,,,,,,,
2015,North Carolina,3828,15220,1503,148619,,,,,,,,
2015,North Dakota,726,32321,39,13953,,,,,,,,
2015,Ohio,69,548,5,"2,328",,,,,,,,
2015,Oklahoma,1309,100382,24,"7,161",,,,,,,,
2015,Oregon,2588,685809,551,"87,973",,,,,,,,
2015,Pennsylvania,831,4473,221,14369,,,,,,,,
2015,Rhode Island,86,132,3,23,,,,,,,,
2015,South Carolina,976,3800,8194,292845,,,,,,,,
2015,South Dakota,1032,72985,83,22016,,,,,,,,
2015,Tennessee,611,8478,17,11068,,,,,,,,
2015,Texas,9272,184418,92,106193,,,,,,,,
2015,Utah,930,"10,203",119,19031,,,,,,,,
2015,Vermont,102,346,11,548,,,,,,,,
2015,Virginia,631,"6,574",166,"11,189",,,,,,,,
2015,Washington,"2,013","1,137,664",38,"7,062",,,,,,,,
2015,West Virginia,8,219,3,912,,,,,,,,
2015,Wisconsin,993,"2,970",702,"43,634",,,,,,,,
2015,Wyoming,512,"35,652",73,"10,543",,,,,,,,
2016,Alabama,"3,923","59,030",159,"114,169",,,,,,,,
2016,Alaska,572,"496,467",15,"33,577",,,,,,,,
2016,Arizona,"2,288","308,245",217,"102,025",,,,,,,,
2016,Arkansas,"1,513","33,371","1,270","283,269",,,,,,,,
2016,California,"7,349","560,815",501,"46,953",,,,,,,,
2016,Colorado,"1,190","129,495",180,"30,607",,,,,,,,
2016,Connecticut,268,778,3,152,,,,,,,,
2016,Delaware,0,0,0,0,,,,,,,,
2016,Florida,"3,067","74,416",262,"284,942",,,,,,,,
2016,Georgia,"5,086",52119,"64,347",1507792,,,,,,,,
2016,Hawaii,10,15098,0,0,,,,,,,,
2016,Idaho,630,361649,271,41684,,,,,,,,
2016,Illinois,12,133,172,23735,,,,,,,,
2016,Indiana,27,620,61,11343,,,,,,,,
2016,Iowa,465,21371,405,27948,,,,,,,,
2016,Kansas,75,"349,829",38,"12,587",,,,,,,,
2016,Kentucky,"1,220","73,864",18,"13,245",,,,,,,,
2016,Louisiana,508,"7,799",107,"152,477",,,,,,,,
2016,Maine,796,946,21,238,,,,,,,,
2016,Maryland,120,242,41,"1,120",,,,,,,,
2016,Massachusetts,"1,526","1,381",30,898,,,,,,,,
2016,Michigan,389,"3,666",140,"15,411",,,,,,,,
2016,Minnesota,"1,422","12,268",558,"105,328",,,,,,,,
2016,Mississippi,94,"8,128",153,"123,526",,,,,,,,
2016,Missouri,"2,610","32,134",244,"42,585",,,,,,,,
2016,Montana,"2,026","114,594",394,"32,504",,,,,,,,
2016,Nebraska,45,"24,498",28,"12,510",,,,,,,,
2016,Nevada,467,"265,156",27,"6,695",,,,,,,,
2016,New Hampshire,148,880,21,105,,,,,,,,
2016,New Jersey,"1,050","4,445",235,"17,719",,,,,,,,
2016,New Mexico,"1,240","212,425",73,"52,192",,,,,,,,
2016,New York,196,"4,236",14,427,,,,,,,,
2016,North Carolina,"4,007","88,109","1,406","169,484",,,,,,,,
2016,North Dakota,563,"4,657",76,"15,505",,,,,,,,
2016,Ohio,410,"1,116",218,"4,652",,,,,,,,
2016,Oklahoma,"1,938","767,780",52,"6,953",,,,,,,,
2016,Oregon,"1,245","219,509",582,"84,442",,,,,,,,
2016,Pennsylvania,871,"12,245",235,"15,111",,,,,,,,
2016,Rhode Island,79,57,6,41,,,,,,,,
2016,South Carolina,982,"3,804","9,566","411,855",,,,,,,,
2016,South Dakota,"1,216","81,561",142,"48,241",,,,,,,,
2016,Tennessee,"2,165","88,038",53,"6,587",,,,,,,,
2016,Texas,"9,300","356,680",89,"98,937",,,,,,,,
2016,Utah,"1,078","101,096",101,"21,939",,,,,,,,
2016,Vermont,150,386,11,765,,,,,,,,
2016,Virginia,580,"41,441",204,"6,150",,,,,,,,
2016,Washington,"1,272","293,717",86,"9,420",,,,,,,,
2016,West Virginia,18,443,6,842,,,,,,,,
2016,Wisconsin,713,695,136,"13,332",,,,,,,,
2016,Wyoming,711,"218,077",31,"3,472",,,,,,,,
2017,Alabama,"1,254","20,192","13,157","944,455",,,,,,,,
2017,Alaska,364,"653,023",8,"64,950",,,,,,,,
2017,Arizona,"2,321","429,564",190,"133,878",,,,,,,,
2017,Arkansas,"1,706","34,624","1,162","214,859",,,,,,,,
2017,California,"9,560",1266224,428,49522,,,,,,,,
2017,Colorado,967,111667,166,23145,,,,,,,,
2017,Connecticut,97,243,3,31,,,,,,,,
2017,Delaware,5,6,13,280,,,,,,,,
2017,Florida,3280,298831,86115,2182980,,,,,,,,
2017,Georgia,3929,200785,83588,1255221,,,,,,,,
2017,Hawaii,3,2098,0,0,,,,,,,,
2017,Idaho,1598,686262,241,32815,,,,,,,,
2017,Illinois,13,98,67,15817,,,,,,,,
2017,Indiana,22,553,38,8064,,,,,,,,
2017,Iowa,427,7216,419,26015,,,,,,,,
2017,Kansas,71,476306,13,"7,292",,,,,,,,
2017,Kentucky,892,28927,17,3493,,,,,,,,
2017,Louisiana,1064,11356,181,"22,534",,,,,,,,
2017,Maine,489,369,13,147,,,,,,,,
2017,Maryland,108,"2,178",70,"3,751",,,,,,,,
2017,Massachusetts,1216,844,45,"1,023",,,,,,,,
2017,Michigan,270,736,175,19391,,,,,,,,
2017,Minnesota,1036,5553,593,71285,,,,,,,,
2017,Mississippi,2775,40595,2498,211166,,,,,,,,
2017,Missouri,3398,8459,57,41392,,,,,,,,
2017,Montana,2422,1366498,365,24180,,,,,,,,
2017,Nebraska,49,3160,32,18643,,,,,,,,
2017,Nevada,768,"1,329,289",27,"5,198",,,,,,,,
2017,New Hampshire,36,123,10,120,,,,,,,,
2017,New Jersey,735,5144,12,2703,,,,,,,,
2017,New Mexico,813,"141,663",79,"91,654",,,,,,,,
2017,New York,57,191,29,564,,,,,,,,
2017,North Carolina,5125,46507,1427,180558,,,,,,,,
2017,North Dakota,1086,19841,57,18272,,,,,,,,
2017,Ohio,68,733,70,"2,308",,,,,,,,
2017,Oklahoma,"1,906","502,625",21,"6,186",,,,,,,,
2017,Oregon,2049,714520,271,48077,,,,,,,,
2017,Pennsylvania,537,1652,222,18611,,,,,,,,
2017,Rhode Island,31,30,1,13,,,,,,,,
2017,South Carolina,1092,11041,8895,342066,,,,,,,,
2017,South Dakota,1420,77386,204,56001,,,,,,,,
2017,Tennessee,593,6949,36,6780,,,,,,,,
2017,Texas,9827,734682,205,190451,,,,,,,,
2017,Utah,1166,249829,112,18517,,,,,,,,
2017,Vermont,55,50,10,98,,,,,,,,
2017,Virginia,1522,20194,424,14238,,,,,,,,
2017,Washington,"1,346","404,223",44,"5,216",,,,,,,,
2017,West Virginia,520,"6,866",7,"3,094",,,,,,,,
2017,Wisconsin,696,661,391,"31,745",,,,,,,,
2017,Wyoming,599,"90,115",34,"2,900",,,,,,,,
2018,Alabama,,,,,,,970,"15,463.80",0,0,970,"15,463.80"
2018,Alaska,,,,,,,229,"28,946",138,"381,737",367,"410,683"
2018,Arizona,,,,,,,"1,364","86,434",636,"78,922","2,000","165,356"
2018,Arkansas,,,,,,,"1,110","22,766",9,"1,305","1,119","24,071"
2018,California,,,,,,,"7,749","1,706,045.70",305,"117,107.50","8,054","1,823,153"
2018,Colorado,,,,,,,502,"358,792",826,"117,011","1,328","475,803"
2018,Connecticut,,,,,,,52,40,0,0,52,40
2018,Delaware,,,,,,,0,0,0,0,0,0
2018,Florida,,,,,,,"1,961","74,279",288,"64,541","2,249","138,820"
2018,Georgia,,,,,,,"2,500","13,609",72,627,"2,572","14,236"
2018,Hawaii,,,,,,,3,"21,979",0,0,3,"21,979"
2018,Idaho,,,,,,,803,"215,816",329,"388,665","1,132","604,481"
2018,Illinois,,,,,,,6,120,0,0,6,120
2018,Indiana,,,,,,,26,115,0,0,26,115
2018,Iowa,,,,,,,386,"8,014",0,0,386,"8,014"
2018,Kansas,,,,,,,64,"57,691",7,"1,543",71,"59,234"
2018,Kentucky,,,,,,,375,"8,352",1,65,376,"8,417"
2018,Louisiana,,,,,,,637,"9,469",10,"1,273",647,"10,742"
2018,Maine,,,,,,,521,625,21,53,542,678
2018,Maryland,,,,,,,73,358,3,1,76,359
2018,Massachusetts,,,,,,,320,210,0,0,320,210
2018,Michigan,,,,,,,416,"3,521",15,265,431,"3,786"
2018,Minnesota,,,,,,,"1,337","17,004",7,1,"1,344","17,005"
2018,Mississippi,,,,,,,"1,167","21,193",1,1,"1,168","21,194"
2018,Missouri,,,,,,,102,"6,004",1,21,103,"6,025"
2018,Montana,,,,,,,915,"18,911",427,"78,903","1,342","97,814"
2018,Nebraska,,,,,,,32,115,3,7,35,122
2018,Nevada,,,,,,,361,"600,278",288,"401,688",649,"1,001,966"
2018,New Hampshire,,,,,,,143,61,2,0,145,61
2018,New Jersey,,,,,,,625,"1,347",0,0,625,"1,347"
2018,New Mexico,,,,,,,733,"220,702.50",601,"161,642","1,334","382,344.50"
2018,New York,,,,,,,103,818,6,30,109,848
2018,North Carolina,,,,,,,"3,590","17,812",35,246,"3,625","18,058"
2018,North Dakota,,,,,,,"1,002","19,312",24,245,"1,026","19,557"
2018,Ohio,,,,,,,67,337,0,0,67,337
2018,Oklahoma,,,,,,,"1,706","745,046.40",1,51,"1,707","745,097.40"
2018,Oregon,,,,,,,"1,330","329,720.30",689,"567,542.40","2,019","897,262.70"
2018,Pennsylvania,,,,,,,"1,273","3,613",3,1,"1,276","3,614"
2018,Rhode Island,,,,,,,32,14,0,0,32,14
2018,South Carolina,,,,,,,"1,116","9,863.20",20,75.8,"1,136","9,939"
2018,South Dakota,,,,,,,366,"4,405",67,622,433,"5,027"
2018,Tennessee,,,,,,,339,"3,752",2,11,341,"3,763"
2018,Texas,,,,,,,"10,017","376,093",524,"193,718","10,541","569,811"
2018,Utah,,,,,,,695,"157,482",638,"281,501","1,333","438,983"
2018,Vermont,,,,,,,57,112,2,1,59,113
2018,Virginia,,,,,,,"1,256","15,182",10,42,"1,266","15,224"
2018,Washington,,,,,,,"1,456","279,857.70",287,"158,976","1,743","438,833.70"
2018,West Virginia,,,,,,,467,"6,370",0,0,467,"6,370"
2018,Wisconsin,,,,,,,816,"1,677",9,1,825,"1,678"
2018,Wyoming,,,,,,,410,"150,681.60",201,"128,561.10",611,"279,242.70"
2019,Alabama,,,,,,,"1,106","22,158",1,1,"1,107","22,158"
2019,Alaska,,,,,,,349,"44,061",371,"2,454,098",720,"2,498,159"
2019,Arizona,,,,,,,"1,463","178,815",406,"206,127","1,869","384,942"
2019,Arkansas,,,,,,,660,"8,602",0,0,660,"8,602"
2019,California,,,,,,,"7,697","216,155",497,"42,993","8,194","259,148"
2019,Colorado,,,,,,,353,"13,522",504,"26,870",857,"40,392"
2019,Connecticut,,,,,,,88,72,0,0,88,72
2019,Delaware,,,,,,,0,0,0,0,0,0
2019,Florida,,,,,,,"1,660","33,898",461,"88,602","2,121","122,500"
2019,Georgia,,,,,,,"3,154","12,133",4,274,"3,158","12,407"
2019,Hawaii,,,,,,,155,"10,710",0,0,155,"10,710"
2019,Idaho,,,,,,,479,"83,150",481,"200,876",960,"284,026"
2019,Illinois,,,,,,,2,41,0,0,2,41
2019,Indiana,,,,,,,38,523,0,0,38,523
2019,Iowa,,,,,,,153,"2,020",0,0,153,"2,020"
2019,Kansas,,,,,,,19,"21,167",0,0,19,"21,167"
2019,Kentucky,,,,,,,754,"11,689",1,25,755,"11,714"
2019,Louisiana,,,,,,,358,"2,689",3,370,361,"3,059"
2019,Maine,,,,,,,344,135,11,7,355,142
2019,Maryland,,,,,,,135,"1,472",5,26,140,"1,498"
2019,Massachusetts,,,,,,,289,248,0,0,289,248
2019,Michigan,,,,,,,350,"1,098",11,30,361,"1,128"
2019,Minnesota,,,,,,,"1,014","5,847",7,15,"1,021","5,862"
2019,Mississippi,,,,,,,959,"5,473",0,0,959,"5,473"
2019,Missouri,,,,,,,67,"5,091",0,0,67,"5,091"
2019,Montana,,,,,,,982,"25,752",492,"39,083","1,474","64,835"
2019,Nebraska,,,,,,,11,"9,446",4,32,15,"9,478"
2019,Nevada,,,,,,,318,"18,801",244,"63,481",562,"82,282"
2019,New Hampshire,,,,,,,16,25,0,0,16,25
2019,New Jersey,,,,,,,727,"11,346",0,0,727,"11,346"
2019,New Mexico,,,,,,,452,"23,269",407,"56,618",859,"79,887"
2019,New York,,,,,,,76,220,3,1,79,221
2019,North Carolina,,,,,,,"3,784","13,949",88,599,"3,872","14,548"
2019,North Dakota,,,,,,,483,"4,447",5,7,488,"4,454"
2019,Ohio,,,,,,,498,"1,038",0,0,498,"1,038"
2019,Oklahoma,,,,,,,"1,101","66,941",3,201,"1,104","67,142"
2019,Oregon,,,,,,,"1,192","22,172","1,101","57,560","2,293","79,732"
2019,Pennsylvania,,,,,,,546,691,1,0,547,691
2019,Rhode Island,,,,,,,45,33,0,0,45,33
2019,South Carolina,,,,,,,976,"5,726",16,213,992,"5,939"
2019,South Dakota,,,,,,,282,"2,027",64,234,346,"2,261"
2019,Tennessee,,,,,,,564,"5,393",7,85,571,"5,478"
2019,Texas,,,,,,,"6,575","163,118",317,"52,375","6,892","215,493"
2019,Utah,,,,,,,690,"25,748",335,"66,632","1,025","92,380"
2019,Vermont,,,,,,,19,22,0,0,19,22
2019,Virginia,,,,,,,364,"2,643",0,0,364,"2,643"
2019,Washington,,,,,,,"1,067","118,149",327,"51,592","1,394","169,742"
2019,West Virginia,,,,,,,593,"7,653",0,0,593,"7,653"
2019,Wisconsin,,,,,,,710,"1,198",0,0,710,"1,198"
2019,Wyoming,,,,,,,297,"3,845",189,"38,012",486,"41,857"
2020,Alabama,,,,,,,836,20557,0,0,836,"20,557"
2020,Alaska,,,,,,,181,284,168,180885,349,"181,169"
2020,Arizona,,,,,,,2073,353796.5,451,624771,2524,978567.5
2020,Arkansas,,,,,,,653,12552,2,0,655,12552
2020,California,,,,,,,"9,868","2,365,932.40",563,"1,726,218.10","10,431","4,092,150.50"
2020,Colorado,,,,,,,621,447731,459,177626,"1,080","625,357"
2020,Connecticut,,,,,,,585,382,1,1,586,383
2020,Delaware,,,,,,,426,"1,356",0,0,426,1356
2020,Florida,,,,,,,1997,57390.1,384,42023,2381,99413.1
2020,Georgia,,,,,,,1698,5676,1,1,1699,5677
2020,Hawaii,,,,,,,58,472,0,0,58,472
2020,Idaho,,,,,,,661,237019,283,77333,944,"314,352"
2020,Illinois,,,,,,,19,239.6,0,0,19,239.6
2020,Indiana,,,,,,,11,313,0,0,11,313
2020,Iowa,,,,,,,126,"2,168",0,0,126,"2,168"
2020,Kansas,,,,,,,52,"34,581",0,0,52,"34,581"
2020,Kentucky,,,,,,,523,"7,842",1,108,524,"7,950"
2020,Louisiana,,,,,,,399,"5,852",2,28,401,"5,880"
2020,Maine,,,,,,,1109,992,47,40,1156,1032
2020,Maryland,,,,,,,2,930,0,0,2,930
2020,Massachusetts,,,,,,,1178,767,11,67,1189,834
2020,Michigan,,,,,,,401,1121,8,10,409,1131
2020,Minnesota,,,,,,,1357,8825,15,13,1372,8838
2020,Mississippi,,,,,,,726,"22,022.20",3,13,729,"22,035.20"
2020,Missouri,,,,,,,"1,090","17,940",0,0,"1,090","17,940"
2020,Montana,,,,,,,"1,943","220,026",490,"149,607","2,433","369,633"
2020,Nebraska,,,,,,,21,"6,493",20,"1,118",41,"7,611"
2020,Nevada,,,,,,,520,"74,305.50",250,"184,969.60",770,"259,275.10"
2020,New Hampshire,,,,,,,241,84,11,4,252,88
2020,New Jersey,,,,,,,"1,980","10,401",1,"1,518","1,981","11,919"
2020,New Mexico,,,,,,,697,"15,663.80",321,"93,849.10","1,018","109,512.90"
2020,New York,,,,,,,187,"1,104",5,19,192,"1,123"
2020,North Carolina,,,,,,,"2,335","12,555.80",29,319,"2,364","12,874.80"
2020,North Dakota,,,,,,,641,3732,10,50,651,3782
2020,Ohio,,,,,,,648,1534,1,17,649,1551
2020,Oklahoma,,,,,,,1237,102287.3,4,15,1241,102302.3
2020,Oregon,,,,,,,1553,679449.5,662,462113,2215,"1,141,612.50"
2020,Pennsylvania,,,,,,,1480,2989,8,8,1488,2997
2020,Rhode Island,,,,,,,112,85,1,0,113,85
2020,South Carolina,,,,,,,459,1706.1,6,48,465,1754.1
2020,South Dakota,,,,,,,739,13482,113,6154,852,19636
2020,Tennessee,,,,,,,366,4160,1,3,367,4163
2020,Texas,,,,,,,6381,183212,332,73614,6713,256826
2020,Utah,,,,,,,1154,105836,339,223899,1493,329735
2020,Vermont,,,,,,,93,124,3,2,96,126
2020,Virginia,,,,,,,384,5108,26,488,410,5596
2020,Washington,,,,,,,"1,562","837,422.90",84,"4,947.30","1,646","842,370.20"
2020,West Virginia,,,,,,,"1,175","6,724",55,"1,472","1,230","8,196"
2020,Wisconsin,,,,,,,777,"1,778",4,7,781,"1,785"
2020,Wyoming,,,,,,,609,"290,077.60",219,"49,705",828,"339,782.60"
2021,Alabama,,,,,,,"1,040","22,055",0,0,"1,040","22,055"
2021,Alaska,,,,,,,262,"9,894",122,"243,463",384,"253,357"
2021,Arizona,,,,,,,"1,267","337,276",506,"187,153","1,773","524,428"
2021,Arkansas,,,,,,,368,"13,587",10,"3,416",378,"17,003"
2021,California,,,,,,,"8,698","1,065,889",582,"1,167,777","9,280","2,233,666"
2021,Colorado,,,,,,,339,"21,161",678,"27,034","1,017","48,195"
2021,Connecticut,,,,,,,59,127,1,0,60,127
2021,Delaware,,,,,,,0,0,0,0,0,0
2021,Florida,,,,,,,"1,994","87,662",268,"17,813","2,262","105,475"
2021,Georgia,,,,,,,"2,138","11,107",1,1,"2,139","11,108"
2021,Hawaii,,,,,,,1,"40,000",0,0,1,"40,000"
2021,Idaho,,,,,,,723,"32,237",609,"407,363","1,332","439,600"
2021,Illinois,,,,,,,29,219,0,0,29,219
2021,Indiana,,,,,,,34,836,0,0,34,836
2021,Iowa,,,,,,,187,"7,950",0,0,187,"7,950"
2021,Kansas,,,,,,,54,"159,410",1,"4,572",55,"163,982"
2021,Kentucky,,,,,,,723,"22,859",0,0,723,"22,859"
2021,Louisiana,,,,,,,507,"10,303",0,0,507,"10,303"
2021,Maine,,,,,,,614,364,22,13,636,377
2021,Maryland,,,,,,,105,"1,162",7,0,112,"1,162"
2021,Massachusetts,,,,,,,588,"1,439",0,0,588,"1,439"
2021,Michigan,,,,,,,422,"8,744",13,545,435,"9,289"
2021,Minnesota,,,,,,,"2,026","39,712",39,"29,693","2,065","69,405"
2021,Mississippi,,,,,,,918,"20,939",4,98,922,"21,037"
2021,Missouri,,,,,,,"1,531","40,262",0,0,"1,531","40,262"
2021,Montana,,,,,,,"1,864","180,495",709,"567,183","2,573","747,678"
2021,Nebraska,,,,,,,647,"24,183",138,"3,111",785,"27,294"
2021,Nevada,,,,,,,337,"29,988",228,"93,439",565,"123,427"
2021,New Hampshire,,,,,,,280,96,0,0,280,96
2021,New Jersey,,,,,,,906,"6,652",0,0,906,"6,652"
2021,New Mexico,,,,,,,405,"12,446",267,"111,347",672,"123,792"
2021,New York,,,,,,,131,544,6,6,137,550
2021,North Carolina,,,,,,,"5,115","25,583",36,255,"5,151","25,838"
2021,North Dakota,,,,,,,920,"47,900",26,"1,447",946,"49,347"
2021,Ohio,,,,,,,524,"1,415",0,0,524,"1,415"
2021,Oklahoma,,,,,,,"1,726","113,236",1,0,"1,727","113,235"
2021,Oregon,,,,,,,"1,435","177,400",767,"651,378","2,202","828,777"
2021,Pennsylvania,,,,,,,"1,347","2,892",3,0,"1,350","2,892"
2021,Rhode Island,,,,,,,99,178,0,0,99,178
2021,South Carolina,,,,,,,627,"7,115",3,222,630,"7,337"
2021,South Dakota,,,,,,,713,"41,216",155,"2,404",868,"43,620"
2021,Tennessee,,,,,,,545,"4,936",5,1,550,"4,937"
2021,Texas,,,,,,,"5,489","144,504",87,"23,754","5,576","168,258"
2021,Utah,,,,,,,558,"23,317",527,"37,546","1,085","60,863"
2021,Vermont,,,,,,,87,153,3,4,90,157
2021,Virginia,,,,,,,545,"6,513",22,183,567,"6,696"
2021,Washington,,,,,,,"1,631","188,316",232,"485,906","1,863","674,222"
2021,West Virginia,,,,,,,748,"7,504",4,0,752,"7,504"
2021,Wisconsin,,,,,,,"1,008","2,133",32,26,"1,040","2,159"
2021,Wyoming,,,,,,,310,"18,764",230,"34,732",540,"53,496"